{
  "error_types": {
    "substitutions": 3158,
    "deletions": 1118,
    "insertions": 7382
  },
  "cer_distribution": {
    "<1%": 4,
    "1-2%": 0,
    "2-5%": 6,
    "5-10%": 8,
    "10-20%": 24,
    "20-50%": 43,
    "50-100%": 16
  },
  "books": [
    "05_OOB_04_log",
    "05_OOB_05_log",
    "05_OOB_07_log",
    "05_OOB_06_log",
    "05_OOB_02_log",
    "05_OOB_03_log",
    "05_OOB_01_log"
  ],
  "weighted_metrics": {
    "weighted_cer": 0.38362565401954657,
    "weighted_wer": 0.3297777777777778,
    "weighted_char_accuracy": 0.6163743459804534,
    "weighted_word_accuracy": 0.6702222222222223,
    "total_char_errors": 11658,
    "total_ref_chars": 30389,
    "total_word_errors": 1855.0,
    "total_ref_words": 5625
  },
  "avg_metrics_by_book": {
    "05_OOB_01_log": {
      "cer": 0.44503836409527414,
      "wer": 0.5584411810534634
    },
    "05_OOB_02_log": {
      "cer": 0.5052648428948247,
      "wer": 0.6230401882129588
    },
    "05_OOB_03_log": {
      "cer": 0.4101237777420806,
      "wer": 0.508616953799014
    },
    "05_OOB_04_log": {
      "cer": 0.3260117547730294,
      "wer": 0.4785131850110709
    },
    "05_OOB_05_log": {
      "cer": 0.21275822841702605,
      "wer": 0.2607817030766807
    },
    "05_OOB_06_log": {
      "cer": 0.2541717545519556,
      "wer": 0.3285282950672661
    },
    "05_OOB_07_log": {
      "cer": 0.09432702629289479,
      "wer": 0.13942313823965108
    }
  }
}